Mina FULLTIME, S at 100K (A & W @ School)
Expenses & Bills	Monthly	Fortnightly	Debt 			Household income 
Home Loan repayments
18 Parkview Terrace, Sydenham @  1.99% 
(4 year fixed since Feb 2021)	1907.0	953.5				1 Jan 2023 - 31 Dec 2023	Annually	Monthly	Fortnightly	Salary
Celendine property - extra repayments
(paying since 2020)	300.0	150.0	50200.0			Scott	66144	5512	2756.0	100000.0
OACC school, admin fees & piano tuition (pay via Edstart)	1744.0	872.0				Mina	54024	4502	2251.0	81753.0	(March increase)	$82,571 (Dec increase)
Kinder - Evie (3 days a week)
Big Childcare fees (Wulf & Audrey) - 1 day	88.0	44.0
Joyful Montessori (1 day per week x 4 Terms) $1600 - 1 term only				Paid
HBF Private Health	249.4	124.7				TOTAL	120168	10014	5007
Bingle Car Insurance (comprehensive)				Paid
Groceries	760.0	180.0				Revenue - Expenses
Mina myki	50.0	25.0					26266.68	2188.89	1277.41
Mina mobile	114.0	57.0
VicRoads Rego
Westpac Home & Contents Insurance	102.0	51.0				FIJI	1500.0
City West Water - 18 Parkview Tce	180.0	90.0				MINA 40th Birthday	1000.0
GloBird Electricity	170.0	85.0
Momentum Energy (Gas)	156.0	78.0
Brimbank Council Rates	100.0	50.0
Surgery repayment (Mina) to MCKENNIES BANK				Pay into McKennie Bank
Dance Lessons (ON HOLD)
Artist photography - family portraits	609.38	304.69		Repayment ends Mar 2024 (18mths)			Rules:
Wulf basketball							Can only eat out once a month
Weatherworld (Zip Money)	433.33	216.7		Repayment ends  April 2025 (24mths)			Meal must be booked and planned in advance
Guitar Lessons (ON HOLD)
A & E Gymnastic classes	118.0	76.0
Scott's money	400.0	200.0
Liva Learning (1x day per week)	264.0	132.0
Zip Pay	80.0	40.0
TOTAL	7825.11	3729.59
