Mina FULLTIME, S at 100K (All 3 kids at OACC)
Expenses & Bills	Monthly	Fortnightly	Debt 			Household income 
Home Loan repayments
18 Parkview Terrace, Sydenham @  1.99% 
(4 year fixed since Feb 2021)	1907.0	953.5				FY 2018-2019	Annually	Monthly	Fortnightly	Salary
Celendine property - extra repayments
(paying since 2020)	200.0	100.0	45400.0			Scott	66144	5512	2756.0	100000.0
OACC school fees (3 kids)	2879.0	1439.5				Mina	54504	4542	2271.0	81753.0
HBF Private Health	249.4	124.7
Bingle Car Insurance (comprehensive)	94.0	47.0
Groceries	880.0	440.0
Mina work travel & food	80.0	40.0				TOTAL	120648	10054	5027
Mina mobile	119.0	58.5
VicRoads Rego	70.0	35.0				Revenue - Expenses
Westpac Home & Contents Insurance	102.0	51.0					9499.2	791.6	396.8
City West Water - 18 Parkview Tce	180.0	90.0
GloBird Electricity	170.0	85.0
Momentum Energy (Gas)	232.0	116.0				Note: Bingle car insurance due on 21 Feb 2023
Brimbank Council Rates	300.0	150.0
Artist photography - family portraits	381.0	190.5		Repayment ends June 2024 (18mths)
Weatherworld (Zip Money)	444.0	222.0		Repayment ends  April 2025 (24mths)
Scott's money	400.0	200.0				Bingle car insurance due on 21 Feb 2023
Melb Music Academy - piano lessons	264.0	132.0
Audrey basketball (includes rego fee for both summer & winter seasons)	61.0	30.5
Wulf basketball (includes rego fee for both summer & winter seasons)	40.0	20.0				Rules:
Evie basketball - Mini Hoops	47.0	23.5					Can only eat out once a month
KBA Developement Squad (W & A) 	80.0	40.0					Meal must be booked and planned in advance
Wulf mobile phone	15.0	7.5
Enjoy Church donation	68.0	34.0
TOTAL	9262.4	4630.2
