Debt Projection	NAB	(Mum) Home Loan	Sydenham	Required Payment		Rent	Negative	Terrace
Interest	0.0	0.0	0.04					0.04
Debt	3700.0	55000.0	303468.0					510000.0
Monthly Paid	200.0	400.0	1647.0					2362.0
2019-03-01 00:00:00	3500	54600	302832.56	1647.0	263.0136986	1480.0	430.0136986	509338
2019-04-01 00:00:00	3300	54200	302195.0019	1647.0	263.0136986	1480.0	430.0136986	508673.7933
2019-05-01 00:00:00	3100	53800	301555.3185	1647.0	263.0136986	1480.0	430.0136986	508007.3726
2019-06-01 00:00:00	2900	53400	300913.5029	1647.0	263.0136986	1480.0	430.0136986	507338.7306
2019-07-01 00:00:00	2700	53000	300269.5479	1647.0	263.0136986	1480.0	430.0136986	506667.8597
2019-08-01 00:00:00	2500	52600	299623.4464	1647.0	263.0136986	1480.0	430.0136986	505994.7525
2019-09-01 00:00:00	2300	52200	298975.1913	1647.0	263.0136986	1480.0	430.0136986	505319.4017
2019-10-01 00:00:00	2100	51800	298324.7752	1647.0	263.0136986	1480.0	430.0136986	504641.7997
2019-11-01 00:00:00	1900	51400	297672.1911	1647.0	263.0136986	1480.0	430.0136986	503961.939
2019-12-01 00:00:00	1700	51000	297017.4318	1647.0	263.0136986	1480.0	430.0136986	503279.8122
2020-01-01 00:00:00	1500	50600	296360.4899	1647.0	263.0136986	1480.0	430.0136986	502595.4115
2020-02-01 00:00:00	1300	50200	295701.3582	1647.0	263.0136986	1480.0	430.0136986	501908.7296
2020-03-01 00:00:00	1100	49800	295040.0294	1647.0	263.0136986	1480.0	430.0136986	501219.7587
2020-04-01 00:00:00	900	49400	294376.4961	1647.0	263.0136986	1480.0	430.0136986	500528.4912
2020-05-01 00:00:00	700	49000	293710.7511	1647.0	263.0136986	1480.0	430.0136986	499834.9195
2020-06-01 00:00:00	500	48600	293042.787	1647.0	263.0136986	1480.0	430.0136986	499139.0359
2020-07-01 00:00:00	300	48200	292372.5963	1647.0	263.0136986	1480.0	430.0136986	498440.8327
2020-08-01 00:00:00	100	47800	291700.1716	1647.0	263.0136986	1480.0	430.0136986	497740.3021
2020-09-01 00:00:00	-100	47400	291025.5055	1647.0	263.0136986	1480.0	430.0136986	497037.4365
2020-10-01 00:00:00	-300	47000	290348.5905	1647.0	263.0136986	1480.0	430.0136986	496332.2279
2020-11-01 00:00:00	-500	46600	289669.4191	1647.0	263.0136986	1480.0	430.0136986	495624.6687
2020-12-01 00:00:00	-700	46200	288987.9839	1647.0	263.0136986	1480.0	430.0136986	494914.7509
2021-01-01 00:00:00	-900	45800	288304.2772	1647.0	263.0136986	1480.0	430.0136986	494202.4668
2021-02-01 00:00:00	-1100	45400	287618.2914	1647.0	263.0136986	1480.0	430.0136986	493487.8083
2021-03-01 00:00:00	-1300	45000	286930.019	1647.0	263.0136986	1480.0	430.0136986	492770.7677
2021-04-01 00:00:00		44600	286239.4524	1647.0	263.0136986	1480.0	430.0136986	492051.3369
2021-05-01 00:00:00		44200	285546.584	1647.0	263.0136986	1480.0	430.0136986	491329.508
2021-06-01 00:00:00		43800	284851.4059	1647.0	263.0136986	1480.0	430.0136986	490605.273
2021-07-01 00:00:00		43400	284153.9106	1647.0	263.0136986	1480.0	430.0136986	489878.624
2021-08-01 00:00:00		43000	283454.0903	1647.0	263.0136986	1480.0	430.0136986	489149.5527
2021-09-01 00:00:00		42600	282751.9373	1647.0	263.0136986	1480.0	430.0136986	488418.0512
2021-10-01 00:00:00		42200	282047.4437	1647.0	263.0136986	1480.0	430.0136986	487684.1114
2021-11-01 00:00:00		41800	281340.6019	1647.0	263.0136986	1480.0	430.0136986	486947.7251
2021-12-01 00:00:00		41400	280631.4039	1647.0	263.0136986	1480.0	430.0136986	486208.8842
2022-01-01 00:00:00		41000	279919.8419	1647.0	263.0136986	1480.0	430.0136986	485467.5805
2022-02-01 00:00:00		40600	279205.908	1647.0	263.0136986	1480.0	430.0136986	484723.8057
2022-03-01 00:00:00		40200	278489.5944	1647.0	263.0136986	1480.0	430.0136986	483977.5517
2022-04-01 00:00:00		39800	277770.893	1647.0	263.0136986	1480.0	430.0136986	483228.8102
2022-05-01 00:00:00		39400	277049.796	1647.0	263.0136986	1480.0	430.0136986	482477.5729
2022-06-01 00:00:00		39000	276326.2953	1647.0	263.0136986	1480.0	430.0136986	481723.8315
2022-07-01 00:00:00		38600	275600.383	1647.0	263.0136986	1480.0	430.0136986	480967.5776
2022-08-01 00:00:00		38200	274872.0509	1647.0	263.0136986	1480.0	430.0136986	480208.8029
2022-09-01 00:00:00		37800	274141.2911	1647.0	263.0136986	1480.0	430.0136986	479447.4989
2022-10-01 00:00:00		37400	273408.0954	1647.0	263.0136986	1480.0	430.0136986	478683.6572
2022-11-01 00:00:00		37000	272672.4557	1647.0	263.0136986	1480.0	430.0136986	477917.2694
2022-12-01 00:00:00		36600	271934.3639	1647.0	263.0136986	1480.0	430.0136986	477148.327
2023-01-01 00:00:00		36200	271193.8118	1647.0	263.0136986	1480.0	430.0136986	476376.8214
2023-02-01 00:00:00		35800	270450.7911	1647.0	263.0136986	1480.0	430.0136986	475602.7441
2023-03-01 00:00:00		35400	269705.2938	1647.0	263.0136986	1480.0	430.0136986	474826.0866
2023-04-01 00:00:00		35000	268957.3114	1647.0	263.0136986	1480.0	430.0136986	474046.8402
2023-05-01 00:00:00		34600	268206.8358	1647.0	263.0136986	1480.0	430.0136986	473264.9964
2023-06-01 00:00:00		34200	267453.8586	1647.0	263.0136986	1480.0	430.0136986	472480.5464
2023-07-01 00:00:00		33800	266698.3714	1647.0	263.0136986	1480.0	430.0136986	471693.4815
2023-08-01 00:00:00		33400	265940.366	1647.0	263.0136986	1480.0	430.0136986	470903.7931
2023-09-01 00:00:00		33000	265179.8339	1647.0	263.0136986	1480.0	430.0136986	470111.4724
2023-10-01 00:00:00		32600	264416.7667	1647.0	263.0136986	1480.0	430.0136986	469316.5107
2023-11-01 00:00:00		32200	263651.1559	1647.0	263.0136986	1480.0	430.0136986	468518.899
2023-12-01 00:00:00		31800	262882.9931	1647.0	263.0136986	1480.0	430.0136986	467718.6287
2024-01-01 00:00:00		31400	262112.2697	1647.0	263.0136986	1480.0	430.0136986	466915.6908
2024-02-01 00:00:00		31000	261338.9773	1647.0	263.0136986	1480.0	430.0136986	466110.0764
2024-03-01 00:00:00		30600	260563.1072	1647.0	263.0136986	1480.0	430.0136986	465301.7767
2024-04-01 00:00:00		30200	259784.6509	1647.0	263.0136986	1480.0	430.0136986	464490.7826
2024-05-01 00:00:00		29800	259003.5998	1647.0	263.0136986	1480.0	430.0136986	463677.0852
2024-06-01 00:00:00		29400	258219.9451	1647.0	263.0136986	1480.0	430.0136986	462860.6755
2024-07-01 00:00:00		29000	257433.6782	1647.0	263.0136986	1480.0	430.0136986	462041.5444
2024-08-01 00:00:00		28600	256644.7905	1647.0	263.0136986	1480.0	430.0136986	461219.6829
2024-09-01 00:00:00		28200	255853.2731	1647.0	263.0136986	1480.0	430.0136986	460395.0819
2024-10-01 00:00:00		27800	255059.1174	1647.0	263.0136986	1480.0	430.0136986	459567.7321
2024-11-01 00:00:00		27400	254262.3144	1647.0	263.0136986	1480.0	430.0136986	458737.6246
2024-12-01 00:00:00		27000	253462.8555	1647.0	263.0136986	1480.0	430.0136986	457904.75
2025-01-01 00:00:00		26600	252660.7317	1647.0	263.0136986	1480.0	430.0136986	457069.0992
2025-02-01 00:00:00		26200	251855.9341	1647.0	263.0136986	1480.0	430.0136986	456230.6628
2025-03-01 00:00:00		25800	251048.4539	1647.0	263.0136986	1480.0	430.0136986	455389.4317
2025-04-01 00:00:00		25400	250238.2821	1647.0	263.0136986	1480.0	430.0136986	454545.3965
2025-05-01 00:00:00		25000	249425.4097	1647.0	263.0136986	1480.0	430.0136986	453698.5478
2025-06-01 00:00:00		24600	248609.8277	1647.0	263.0136986	1480.0	430.0136986	452848.8763
2025-07-01 00:00:00		24200	247791.5271	1647.0	263.0136986	1480.0	430.0136986	451996.3725
2025-08-01 00:00:00		23800	246970.4989	1647.0	263.0136986	1480.0	430.0136986	451141.0271
2025-09-01 00:00:00		23400	246146.7339	1647.0	263.0136986	1480.0	430.0136986	450282.8305
2025-10-01 00:00:00		23000	245320.223	1647.0	263.0136986	1480.0	430.0136986	449421.7733
2025-11-01 00:00:00		22600	244490.9571	1647.0	263.0136986	1480.0	430.0136986	448557.8459
2025-12-01 00:00:00		22200	243658.9269	1647.0	263.0136986	1480.0	430.0136986	447691.0387
2026-01-01 00:00:00		21800	242824.1234	1647.0	263.0136986	1480.0	430.0136986	446821.3422
2026-02-01 00:00:00		21400	241986.5371	1647.0	263.0136986	1480.0	430.0136986	445948.7466
2026-03-01 00:00:00		21000	241146.1589	1647.0	263.0136986	1480.0	430.0136986	445073.2425
2026-04-01 00:00:00		20600	240302.9794	1647.0	263.0136986	1480.0	430.0136986	444194.8199
2026-05-01 00:00:00		20200	239456.9894	1647.0	263.0136986	1480.0	430.0136986	443313.4693
2026-06-01 00:00:00		19800	238608.1793	1647.0	263.0136986	1480.0	430.0136986	442429.1809
2026-07-01 00:00:00		19400	237756.5399	1647.0	263.0136986	1480.0	430.0136986	441541.9448
2026-08-01 00:00:00		19000	236902.0617	1647.0	263.0136986	1480.0	430.0136986	440651.7513
2026-09-01 00:00:00		18600	236044.7353	1647.0	263.0136986	1480.0	430.0136986	439758.5905
2026-10-01 00:00:00		18200	235184.551	1647.0	263.0136986	1480.0	430.0136986	438862.4525
2026-11-01 00:00:00		17800	234321.4995	1647.0	263.0136986	1480.0	430.0136986	437963.3273
2026-12-01 00:00:00		17400	233455.5712	1647.0	263.0136986	1480.0	430.0136986	437061.2051
2027-01-01 00:00:00		17000	232586.7564	1647.0	263.0136986	1480.0	430.0136986	436156.0757
2027-02-01 00:00:00		16600	231715.0456	1647.0	263.0136986	1480.0	430.0136986	435247.9293
2027-03-01 00:00:00		16200	230840.4291	1647.0	263.0136986	1480.0	430.0136986	434336.7558
2027-04-01 00:00:00		15800	229962.8972	1647.0	263.0136986	1480.0	430.0136986	433422.5449
2027-05-01 00:00:00		15400	229082.4402	1647.0	263.0136986	1480.0	430.0136986	432505.2868
2027-06-01 00:00:00		15000	228199.0483	1647.0	263.0136986	1480.0	430.0136986	431584.971
2027-07-01 00:00:00		14600	227312.7118	1647.0	263.0136986	1480.0	430.0136986	430661.5876
2027-08-01 00:00:00		14200	226423.4209	1647.0	263.0136986	1480.0	430.0136986	429735.1262
2027-09-01 00:00:00		13800	225531.1656	1647.0	263.0136986	1480.0	430.0136986	429235.5904	From Here Transition gearing
2027-10-01 00:00:00		13400	224635.9362	1647.0	263.0136986	1480.0	430.0136986	428734.3894
2027-11-01 00:00:00		13000	223737.7226	1647.0	263.0136986	1480.0	430.0136986	428231.5177
2027-12-01 00:00:00		12600	222836.515	1647.0	263.0136986	1480.0	430.0136986	427726.9698
2028-01-01 00:00:00		12200	221932.3034	1647.0	263.0136986	1480.0	430.0136986	427220.74
2028-02-01 00:00:00		11800	221025.0778	1647.0	263.0136986	1480.0	430.0136986	426712.8229
2028-03-01 00:00:00		11400	220114.828	1647.0	263.0136986	1480.0	430.0136986	426203.2126
2028-04-01 00:00:00		11000	219201.5441	1647.0	263.0136986	1480.0	430.0136986	425691.9037
2028-05-01 00:00:00		10600	218285.2159	1647.0	263.0136986	1480.0	430.0136986	425178.8904
2028-06-01 00:00:00		10200	217365.8333	1647.0	263.0136986	1480.0	430.0136986	424664.1671
2028-07-01 00:00:00		9800	216443.3861	1647.0	263.0136986	1480.0	430.0136986	424147.728
2028-08-01 00:00:00		9400	215517.864	1647.0	263.0136986	1480.0	430.0136986	423629.5675
2028-09-01 00:00:00		9000	214589.2569	1647.0	263.0136986	1480.0	430.0136986	423109.6797
2028-10-01 00:00:00		8600	213657.5544	1647.0	263.0136986	1480.0	430.0136986	422588.059
2028-11-01 00:00:00		8200	212722.7463	1647.0	263.0136986	1480.0	430.0136986	422064.6996
2028-12-01 00:00:00		7800	211784.8221	1647.0	263.0136986	1480.0	430.0136986	421539.5956
2029-01-01 00:00:00		7400	210843.7715	1647.0	263.0136986	1480.0	430.0136986	421012.7413
2029-02-01 00:00:00		7000	209899.5841	1647.0	263.0136986	1480.0	430.0136986	420484.1308
2029-03-01 00:00:00		6600	208952.2494	1647.0	263.0136986	1480.0	430.0136986	419953.7583
2029-04-01 00:00:00			208001.7569	1647.0	263.0136986	1480.0	430.0136986	419421.6178
2029-05-01 00:00:00			207048.0961	1647.0	263.0136986	1480.0	430.0136986	418887.7036
2029-06-01 00:00:00			206091.2564	1647.0	263.0136986	1480.0	430.0136986	418352.0096
2029-07-01 00:00:00			205131.2272	1647.0	263.0136986	1480.0	430.0136986	417814.53
2029-08-01 00:00:00			204167.998	1647.0	263.0136986	1480.0	430.0136986	417275.2588
2029-09-01 00:00:00			203201.558	1647.0	263.0136986	1480.0	430.0136986	416734.1901
2029-10-01 00:00:00			202231.8965	1647.0	263.0136986	1480.0	430.0136986	416191.3177
2029-11-01 00:00:00			201259.0028	1647.0	263.0136986	1480.0	430.0136986	415646.6358
2029-12-01 00:00:00			200282.8662	1647.0	263.0136986	1480.0	430.0136986	415100.1383
2030-01-01 00:00:00			199303.4757	1647.0	263.0136986	1480.0	430.0136986	414551.8191
2030-02-01 00:00:00			198320.8206	1647.0	263.0136986	1480.0	430.0136986	414001.6722
2030-03-01 00:00:00			197334.89	1647.0	263.0136986	1480.0	430.0136986	413449.6915
2030-04-01 00:00:00			196345.673	1647.0	263.0136986	1480.0	430.0136986	412895.8708
2030-05-01 00:00:00			195353.1586	1647.0	263.0136986	1480.0	430.0136986	412340.2041
2030-06-01 00:00:00			194357.3358	1647.0	263.0136986	1480.0	430.0136986	411782.6852
2030-07-01 00:00:00			193358.1936	1647.0	263.0136986	1480.0	430.0136986	411223.3078
2030-08-01 00:00:00			192355.7209	1647.0	263.0136986	1480.0	430.0136986	410662.0659
2030-09-01 00:00:00			191349.9066	1647.0	263.0136986	1480.0	430.0136986	410098.9531
2030-10-01 00:00:00			190340.7396	1647.0	263.0136986	1480.0	430.0136986	409533.9633
2030-11-01 00:00:00			189328.2088	1647.0	263.0136986	1480.0	430.0136986	408967.0902
2030-12-01 00:00:00			188312.3028	1647.0	263.0136986	1480.0	430.0136986	408398.3276
2031-01-01 00:00:00			187293.0105	1647.0	263.0136986	1480.0	430.0136986	407827.669
2031-02-01 00:00:00			186270.3205	1647.0	263.0136986	1480.0	430.0136986	407255.1083
2031-03-01 00:00:00			185244.2216	1647.0	263.0136986	1480.0	430.0136986	406680.639
2031-04-01 00:00:00			184214.7023	1647.0	263.0136986	1480.0	430.0136986	406104.2548
2031-05-01 00:00:00			183181.7513	1647.0	263.0136986	1480.0	430.0136986	405525.9494
2031-06-01 00:00:00			182145.3572	1647.0	263.0136986	1480.0	430.0136986	404945.7163
2031-07-01 00:00:00			181105.5084	1647.0	263.0136986	1480.0	430.0136986	404363.549
2031-08-01 00:00:00			180062.1934	1647.0	263.0136986	1480.0	430.0136986	403779.4412
2031-09-01 00:00:00			179015.4007	1647.0	263.0136986	1480.0	430.0136986	403193.3864
2031-10-01 00:00:00			177965.1187	1647.0	263.0136986	1480.0	430.0136986	402605.378
2031-11-01 00:00:00			176911.3358	1647.0	263.0136986	1480.0	430.0136986	402015.4096
2031-12-01 00:00:00			175854.0402	1647.0	263.0136986	1480.0	430.0136986	401423.4747
2032-01-01 00:00:00			174793.2203	1647.0	263.0136986	1480.0	430.0136986	400829.5667
2032-02-01 00:00:00			173728.8644	1647.0	263.0136986	1480.0	430.0136986	400233.6789
2032-03-01 00:00:00			172660.9606	1647.0	263.0136986	1480.0	430.0136986	399635.8049
2032-04-01 00:00:00			171589.4972	1647.0	263.0136986	1480.0	430.0136986	399035.9379
2032-05-01 00:00:00			170514.4622	1647.0	263.0136986	1480.0	430.0136986	398434.0714
2032-06-01 00:00:00			169435.8437	1647.0	263.0136986	1480.0	430.0136986	397830.1987
2032-07-01 00:00:00			168353.6298	1647.0	263.0136986	1480.0	430.0136986	397224.313
2032-08-01 00:00:00			167267.8086	1647.0	263.0136986	1480.0	430.0136986	396616.4078
2032-09-01 00:00:00			166178.368	1647.0	263.0136986	1480.0	430.0136986	396006.4762
2032-10-01 00:00:00			165085.2959	1647.0	263.0136986	1480.0	430.0136986	395394.5115
2032-11-01 00:00:00			163988.5802	1647.0	263.0136986	1480.0	430.0136986	394780.5069
2032-12-01 00:00:00			162888.2088	1647.0	263.0136986	1480.0	430.0136986	394164.4556
2033-01-01 00:00:00			161784.1695	1647.0	263.0136986	1480.0	430.0136986	393546.3508
2033-02-01 00:00:00			160676.45	1647.0	263.0136986	1480.0	430.0136986	392926.1857
2033-03-01 00:00:00			159565.0382	1647.0	263.0136986	1480.0	430.0136986	392303.9533
2033-04-01 00:00:00			158449.9217	1647.0	263.0136986	1480.0	430.0136986	391679.6469
2033-05-01 00:00:00			157331.0881	1647.0	263.0136986	1480.0	430.0136986	391053.2594
2033-06-01 00:00:00			156208.525	1647.0	263.0136986	1480.0	430.0136986	390424.784
2033-07-01 00:00:00			155082.2201	1647.0	263.0136986	1480.0	430.0136986	389794.2136
2033-08-01 00:00:00			153952.1609	1647.0	263.0136986	1480.0	430.0136986	389161.5413
2033-09-01 00:00:00			152818.3347	1647.0	263.0136986	1480.0	430.0136986	388526.7602
2033-10-01 00:00:00			151680.7292	1647.0	263.0136986	1480.0	430.0136986	387889.8631
2033-11-01 00:00:00			150539.3316	1647.0	263.0136986	1480.0	430.0136986	387250.843
2033-12-01 00:00:00			149394.1294	1647.0	263.0136986	1480.0	430.0136986	386609.6928
2034-01-01 00:00:00			148245.1098	1647.0	263.0136986	1480.0	430.0136986	385966.4055
2034-02-01 00:00:00			147092.2602	1647.0	263.0136986	1480.0	430.0136986	385320.9739
2034-03-01 00:00:00			145935.5677	1647.0	263.0136986	1480.0	430.0136986	384673.3908
2034-04-01 00:00:00			144775.0196	1647.0	263.0136986	1480.0	430.0136986	384023.6492
2034-05-01 00:00:00			143610.603	1647.0	263.0136986	1480.0	430.0136986	383371.7417
2034-06-01 00:00:00			142442.305	1647.0	263.0136986	1480.0	430.0136986	382717.6612
2034-07-01 00:00:00			141270.1127	1647.0	263.0136986	1480.0	430.0136986	382061.4004
2034-08-01 00:00:00			140094.0131	1647.0	263.0136986	1480.0	430.0136986	381402.9521
2034-09-01 00:00:00			138913.9931	1647.0	263.0136986	1480.0	430.0136986	380742.309
2034-10-01 00:00:00			137730.0398	1647.0	263.0136986	1480.0	430.0136986	380079.4637
2034-11-01 00:00:00			136542.1399	1647.0	263.0136986	1480.0	430.0136986	379414.409
2034-12-01 00:00:00			135350.2804	1647.0	263.0136986	1480.0	430.0136986	378747.1374
2035-01-01 00:00:00			134154.448	1647.0	263.0136986	1480.0	430.0136986	378077.6415
2035-02-01 00:00:00			132954.6294	1647.0	263.0136986	1480.0	430.0136986	377405.914
2035-03-01 00:00:00			131750.8115	1647.0	263.0136986	1480.0	430.0136986	376731.9475
2035-04-01 00:00:00			130542.9809	1647.0	263.0136986	1480.0	430.0136986	376055.7343
2035-05-01 00:00:00			129331.1242	1647.0	263.0136986	1480.0	430.0136986	375377.2671
2035-06-01 00:00:00			128115.2279	1647.0	263.0136986	1480.0	430.0136986	374696.5384
2035-07-01 00:00:00			126895.2787	1647.0	263.0136986	1480.0	430.0136986	374013.5405
2035-08-01 00:00:00			125671.263	1647.0	263.0136986	1480.0	430.0136986	373328.266
2035-09-01 00:00:00			124443.1672	1647.0	263.0136986	1480.0	430.0136986	372640.7073
2035-10-01 00:00:00			123210.9777	1647.0	263.0136986	1480.0	430.0136986	371950.8567
2035-11-01 00:00:00			121974.681	1647.0	263.0136986	1480.0	430.0136986	371258.7066
2035-12-01 00:00:00			120734.2633	1647.0	263.0136986	1480.0	430.0136986	370564.2493
2036-01-01 00:00:00			119489.7108	1647.0	263.0136986	1480.0	430.0136986	369867.4772
2036-02-01 00:00:00			118241.0098	1647.0	263.0136986	1480.0	430.0136986	369168.3824
2036-03-01 00:00:00			116988.1465	1647.0	263.0136986	1480.0	430.0136986	368466.9574
2036-04-01 00:00:00			115731.107	1647.0	263.0136986	1480.0	430.0136986	367763.1943
2036-05-01 00:00:00			114469.8774	1647.0	263.0136986	1480.0	430.0136986	367057.0853
2036-06-01 00:00:00			113204.4436	1647.0	263.0136986	1480.0	430.0136986	366348.6226
2036-07-01 00:00:00			111934.7918	1647.0	263.0136986	1480.0	430.0136986	365637.7984
2036-08-01 00:00:00			110660.9078	1647.0	263.0136986	1480.0	430.0136986	364924.6048
2036-09-01 00:00:00			109382.7774	1647.0	263.0136986	1480.0	430.0136986	364209.0338
2036-10-01 00:00:00			108100.3867	1647.0	263.0136986	1480.0	430.0136986	363491.0776
2036-11-01 00:00:00			106813.7213	1647.0	263.0136986	1480.0	430.0136986	362770.7283
2036-12-01 00:00:00			105522.7671	1647.0	263.0136986	1480.0	430.0136986	362047.9777
2037-01-01 00:00:00			104227.5096	1647.0	263.0136986	1480.0	430.0136986	361322.818
2037-02-01 00:00:00			102927.9347	1647.0	263.0136986	1480.0	430.0136986	360595.2411
2037-03-01 00:00:00			101624.0278	1647.0	263.0136986	1480.0	430.0136986	359865.2389
2037-04-01 00:00:00			100315.7745	1647.0	263.0136986	1480.0	430.0136986	359132.8034
2037-05-01 00:00:00			99003.16044	1647.0	263.0136986	1480.0	430.0136986	358397.9265
2037-06-01 00:00:00			97686.17098	1647.0	263.0136986	1480.0	430.0136986	357660.5999
2037-07-01 00:00:00			96364.79155	1647.0	263.0136986	1480.0	430.0136986	356920.8156
2037-08-01 00:00:00			95039.00752	1647.0	263.0136986	1480.0	430.0136986	356178.5654
2037-09-01 00:00:00			93708.80421	1647.0	263.0136986	1480.0	430.0136986	355433.841
2037-10-01 00:00:00			92374.16689	1647.0	263.0136986	1480.0	430.0136986	354686.6341
2037-11-01 00:00:00			91035.08078	1647.0	263.0136986	1480.0	430.0136986	353936.9366
2037-12-01 00:00:00			89691.53105	1647.0	263.0136986	1480.0	430.0136986	353184.7401
2038-01-01 00:00:00			88343.50282	1647.0	263.0136986	1480.0	430.0136986	352430.0363
2038-02-01 00:00:00			86990.98116	1647.0	263.0136986	1480.0	430.0136986	351672.8167
2038-03-01 00:00:00			85633.9511	1647.0	263.0136986	1480.0	430.0136986	350913.0732
2038-04-01 00:00:00			84272.3976	1647.0	263.0136986	1480.0	430.0136986	350150.7971
2038-05-01 00:00:00			82906.30559	1647.0	263.0136986	1480.0	430.0136986	349385.9801
2038-06-01 00:00:00			81535.65995	1647.0	263.0136986	1480.0	430.0136986	348618.6138
2038-07-01 00:00:00			80160.44548	1647.0	263.0136986	1480.0	430.0136986	347848.6895
2038-08-01 00:00:00			78780.64696	1647.0	263.0136986	1480.0	430.0136986	347076.1988
2038-09-01 00:00:00			77396.24912	1647.0	263.0136986	1480.0	430.0136986	346301.1332
2038-10-01 00:00:00			76007.23662	1647.0	263.0136986	1480.0	430.0136986	345523.484
2038-11-01 00:00:00			74613.59407	1647.0	263.0136986	1480.0	430.0136986	344743.2426
2038-12-01 00:00:00			73215.30605	1647.0	263.0136986	1480.0	430.0136986	343960.4005
2039-01-01 00:00:00			71812.35707	1647.0	263.0136986	1480.0	430.0136986	343174.9489
2039-02-01 00:00:00			70404.7316	1647.0	263.0136986	1480.0	430.0136986	342386.8791
2039-03-01 00:00:00			68992.41404	1647.0	263.0136986	1480.0	430.0136986	341596.1823
2039-04-01 00:00:00			67575.38875	1647.0	263.0136986	1480.0	430.0136986	340802.85
2039-05-01 00:00:00			66153.64005	1647.0	263.0136986	1480.0	430.0136986	340006.8732
2039-06-01 00:00:00			64727.15218	1647.0	263.0136986	1480.0	430.0136986	339208.2431
2039-07-01 00:00:00			63295.90935	1647.0	263.0136986	1480.0	430.0136986	338406.951
2039-08-01 00:00:00			61859.89572	1647.0	263.0136986	1480.0	430.0136986	337602.9878
2039-09-01 00:00:00			60419.09537	1647.0	263.0136986	1480.0	430.0136986	336796.3448
2039-10-01 00:00:00			58973.49235	1647.0	263.0136986	1480.0	430.0136986	335987.013
2039-11-01 00:00:00			57523.07066	1647.0	263.0136986	1480.0	430.0136986	335174.9834
2039-12-01 00:00:00			56067.81423	1647.0	263.0136986	1480.0	430.0136986	334360.2471
2040-01-01 00:00:00			54607.70695	1647.0	263.0136986	1480.0	430.0136986	333542.7949
2040-02-01 00:00:00			53142.73263	1647.0	263.0136986	1480.0	430.0136986	332722.6179
2040-03-01 00:00:00			51672.87508	1647.0	263.0136986	1480.0	430.0136986	331899.707
2040-04-01 00:00:00			50198.11799	1647.0	263.0136986	1480.0	430.0136986	331074.0531
2040-05-01 00:00:00			48718.44505	1647.0	263.0136986	1480.0	430.0136986	330245.647
2040-06-01 00:00:00			47233.83987	1647.0	263.0136986	1480.0	430.0136986	329414.4795
2040-07-01 00:00:00			45744.286	1647.0	263.0136986	1480.0	430.0136986	328580.5414
2040-08-01 00:00:00			44249.76696	1647.0	263.0136986	1480.0	430.0136986	327743.8236
2040-09-01 00:00:00			42750.26618	1647.0	263.0136986	1480.0	430.0136986	326904.3167
2040-10-01 00:00:00			41245.76707	1647.0	263.0136986	1480.0	430.0136986	326062.0115
2040-11-01 00:00:00			39736.25296	1647.0	263.0136986	1480.0	430.0136986	325216.8985
2040-12-01 00:00:00			38221.70713	1647.0	263.0136986	1480.0	430.0136986	324368.9686
2041-01-01 00:00:00			36702.11282	1647.0	263.0136986	1480.0	430.0136986	323518.2122
2041-02-01 00:00:00			35177.4532	1647.0	263.0136986	1480.0	430.0136986	322664.6199
2041-03-01 00:00:00			33647.71138	1647.0	263.0136986	1480.0	430.0136986	321808.1823
2041-04-01 00:00:00			32112.87042	1647.0	263.0136986	1480.0	430.0136986	320948.89
2041-05-01 00:00:00			30572.91332	1647.0	263.0136986	1480.0	430.0136986	320086.7333
2041-06-01 00:00:00			29027.82303	1647.0	263.0136986	1480.0	430.0136986	319221.7028
2041-07-01 00:00:00			27477.58244	1647.0	263.0136986	1480.0	430.0136986	318353.7888
2041-08-01 00:00:00			25922.17438	1647.0	263.0136986	1480.0	430.0136986	317482.9818
2041-09-01 00:00:00			24361.58163	1647.0	263.0136986	1480.0	430.0136986	316609.2721
2041-10-01 00:00:00			22795.7869	1647.0	263.0136986	1480.0	430.0136986	315732.6501
2041-11-01 00:00:00			21224.77286	1647.0	263.0136986	1480.0	430.0136986	314853.1059
2041-12-01 00:00:00			19648.5221	1647.0	263.0136986	1480.0	430.0136986	313970.63
2042-01-01 00:00:00			18067.01717	1647.0	263.0136986	1480.0	430.0136986	313085.2124
2042-02-01 00:00:00			16480.24056	1647.0	263.0136986	1480.0	430.0136986	312196.8435
2042-03-01 00:00:00			14888.1747	1647.0	263.0136986	1480.0	430.0136986	311305.5134
2042-04-01 00:00:00			13290.80195	1647.0	263.0136986	1480.0	430.0136986	310411.2121
2042-05-01 00:00:00			11688.10462	1647.0	263.0136986	1480.0	430.0136986	309513.9298
2042-06-01 00:00:00			10080.06497	1647.0	263.0136986	1480.0	430.0136986	308613.6566
2042-07-01 00:00:00			8466.665186	1647.0	263.0136986	1480.0	430.0136986	307710.3825
2042-08-01 00:00:00			6847.887403	1647.0	263.0136986	1480.0	430.0136986	306804.0975
2042-09-01 00:00:00			5223.713695	1647.0	263.0136986	1480.0	430.0136986	305894.7915
2042-10-01 00:00:00			3594.126074	1647.0	263.0136986	1480.0	430.0136986	304982.4545
2042-11-01 00:00:00			1959.106494	1647.0	263.0136986	1480.0	430.0136986	304067.0764
2042-12-01 00:00:00			318.636849	1647.0	263.0136986	1480.0	430.0136986	303148.647
